  <question type="truefalse">
    <name>
        <text></text>
    </name>

    <questiontext format="html">
            <text></text>
      </questiontext>

    <image></image>
      <image_base64></image_base64>
    <penalty>0.1</penalty>
    <hidden>0</hidden>

    <answer fraction="100">
      <text>true</text>

      <feedback>
        <text>

        </text>
      </feedback>
    </answer>
    <answer fraction="0">
<text>false</text>

      <feedback>
        <text>

        </text>
      </feedback>
    </answer>
</question>
