    <question type="matching">
      <name>
          <text>MatchingQ</text>
        </name>

      <questiontext format="html">
            <text></text>
      </questiontext>

      <image></image>
      <image_base64></image_base64>
      <penalty>0.1</penalty>
      <hidden>0</hidden>
    <shuffleanswers>0</shuffleanswers>

        <subquestion>
                <text></text>
            <answer>
                <text></text>
            </answer>
        </subquestion>

    </question>
